Name,Code,Barcode Symbology,Brand,Category Code,Unit Code,Sale Unit Code,Purchase Unit Code,Cost,Price,Alert Quantity,Tax Rate,Tax Method,Image,Sub category Code,Product Variants,Product Custom Field 1,Product Custom Field 2,Product Custom Field 3,Product Custom Field 4,Product Custom Field 5,Product Custom Field 6,Quantity
3EX1,3EX-1,code128,B PLUS,3EX,PCS,PCS,PCS,1300,1300,10,,Inclusive,2a0f01d195eeda2523cb8b3ae6e4fc58.png,,,,,,,,,0
3EX2,3EX-2,code128,B PLUS,3EX,PCS,PCS,PCS,1400,1400,10,,Inclusive,9dd810a940f8164f40d0c3860afd113c.png,,,,,,,,,0
3EX3,3EX-3,code128,B PLUS,3EX,PCS,PCS,PCS,1500,1500,10,,Inclusive,a0efbe6b654f0146a9f0fa12ae30844c.png,,,,,,,,,0
3EX4,3EX-4,code128,B PLUS,3EX,PCS,PCS,PCS,1600,1600,10,,Inclusive,c6348b7b7e92d6d1d6000fcc9661d5f2.png,,,,,,,,,0
3EX5,3EX-5,code128,B PLUS,3EX,PCS,PCS,PCS,1800,1800,10,,Inclusive,9dd810a940f8164f40d0c3860afd113c.png,,,,,,,,,0
3EX6,3EX-6,code128,B PLUS,3EX,PCS,PCS,PCS,1900,1900,10,,Inclusive,a0efbe6b654f0146a9f0fa12ae30844c.png,,,,,,,,,0
3EX7,3EX-7,code128,B PLUS,3EX,PCS,PCS,PCS,2200,2200,10,,Inclusive,c6348b7b7e92d6d1d6000fcc9661d5f2.png,,,,,,,,,0
3EXA.1,3EXA-1,code128,B PLUS,3EXA,PCS,PCS,PCS,2500,2500,10,,Inclusive,15ab835bdffa11bb7a94440524fb1d7a.png,,,,,,,,,0
3EXA.2,3EXA-2,code128,B PLUS,3EXA,PCS,PCS,PCS,2750,2750,10,,Inclusive,eec59dc239cf646cbc2a4fcdc7a4876b.png,,,,,,,,,0
3PCS,3PCS,code128,B PLUS,3PCS,PCS,PCS,PCS,1000,1000,10,,Inclusive,9aa0dc623ee887d9802a98b4c1ad4759.png,,,,,,,,,0
A.M,AM,code128,B PLUS,A.M,PCS,PCS,PCS,1600,1600,10,,Inclusive,69da238639db87548eba8e7e42f6d38a.png,,,,,,,,,0
B.P,BP,code128,B PLUS,B.P,PCS,PCS,PCS,800,800,10,,Inclusive,5ff17b67482fc5d1b8f4987e91b22e3f.png,,,,,,,,,0
LUNGI-A,LUNGI-A,code128,B PLUS,LUNGI,PCS,PCS,PCS,300,300,1,,Inclusive,2637cc97f506d3d4184eeaab9a445786.png,,,,,,,,,0
LUNGI-B,LUNGI-B,code128,B PLUS,LUNGI,PCS,PCS,PCS,350,350,1,,Inclusive,5e4b06f6dd0ba5fbe22efe0574ce7352.png,,,,,,,,,0
LUNGI-C,LUNGI-C,code128,B PLUS,LUNGI,PCS,PCS,PCS,400,400,1,,Inclusive,1d34cc930916642aa5d0dbda0b2cf9ea.png,,,,,,,,,0
LUNGI-D,LUNGI-D,code128,B PLUS,LUNGI,PCS,PCS,PCS,450,450,1,,Inclusive,24b273447c2a34b164796e1e9e71cafc.png,,,,,,,,,0
LUNGI-E,LUNGI-E,code128,B PLUS,LUNGI,PCS,PCS,PCS,500,500,1,,Inclusive,971332dde3e910edd2de5b4fe5878d04.png,,,,,,,,,0
LUNGI-F,LUNGI-F,code128,B PLUS,LUNGI,PCS,PCS,PCS,550,550,1,,Inclusive,0b90e35fda2be8d48f2487833a0338fe.png,,,,,,,,,0
LUNGI-G,LUNGI-G,code128,B PLUS,LUNGI,PCS,PCS,PCS,600,600,1,,Inclusive,289b7fbfd5d8eb0e8309d214257aa6a8.png,,,,,,,,,0
LUNGI-H,LUNGI-H,code128,B PLUS,LUNGI,PCS,PCS,PCS,650,650,1,,Inclusive,4d29c2e017254b210b8a8af2d19cc08a.png,,,,,,,,,0
LUNGI-I,LUNGI-I,code128,B PLUS,LUNGI,PCS,PCS,PCS,700,700,1,,Inclusive,8e0d061dc686b5f02de35985844398b9.png,,,,,,,,,0
LUNGI-J,LUNGI-J,code128,B PLUS,LUNGI,PCS,PCS,PCS,750,750,1,,Inclusive,cbcdd998416becd068db84b83eb8c8f8.png,,,,,,,,,0
LUNGI-K,LUNGI-K,code128,B PLUS,LUNGI,PCS,PCS,PCS,800,800,1,,Inclusive,bd9d83fea38bc1373afcf9a1a69328a3.png,,,,,,,,,0
LUNGI-L,LUNGI-L,code128,B PLUS,LUNGI,PCS,PCS,PCS,850,850,1,,Inclusive,1311ca7edff7dc5e00c5bca1b09ddcbc.png,,,,,,,,,0
LUNGI-M,LUNGI-M,code128,B PLUS,LUNGI,PCS,PCS,PCS,900,900,1,,Inclusive,a773cfcf3aa061d1459bcf1c6d9b2dd2.png,,,,,,,,,0
LUNGI-N,LUNGI-N,code128,B PLUS,LUNGI,PCS,PCS,PCS,950,950,1,,Inclusive,d13f10f85e3c6d17b139658aa351cc1d.png,,,,,,,,,0
LUNGI-O,LUNGI-O,code128,B PLUS,LUNGI,PCS,PCS,PCS,1000,1000,1,,Inclusive,1905efa9d1596b6f45fd2c204ecc95cd.png,,,,,,,,,0
LUNGI-P,LUNGI-P,code128,B PLUS,LUNGI,PCS,PCS,PCS,1050,1050,1,,Inclusive,4340f196a80590cd3fa19df459cef73d.png,,,,,,,,,0
LUNGI-Q,LUNGI-Q,code128,B PLUS,LUNGI,PCS,PCS,PCS,1100,1100,1,,Inclusive,68f331ac89fba9aa32b092d9a4e51fcc.png,,,,,,,,,0
LUNGI-R,LUNGI-R,code128,B PLUS,LUNGI,PCS,PCS,PCS,1150,1150,1,,Inclusive,3a1ce248b44ef5ccdc04f21d0ad3a3e5.png,,,,,,,,,0
LUNGI-S,LUNGI-S,code128,B PLUS,LUNGI,PCS,PCS,PCS,1200,1200,1,,Inclusive,12f60614b94439a5753f7a97b5a69bce.png,,,,,,,,,0
LUNGI-T,LUNGI-T,code128,B PLUS,LUNGI,PCS,PCS,PCS,1250,1250,1,,Inclusive,7acdfecd6c72e86e929d6b1a7a9152b5.png,,,,,,,,,0
LUNGI-U,LUNGI-U,code128,B PLUS,LUNGI,PCS,PCS,PCS,1300,1300,1,,Inclusive,67acabb11c6110a2a5a73fc6861fc454.png,,,,,,,,,0
LUNGI-V,LUNGI-V,code128,B PLUS,LUNGI,PCS,PCS,PCS,1350,1350,1,,Inclusive,9af3a0f66c1c436762a64154896a25c2.png,,,,,,,,,0
LUNGI-W,LUNGI-W,code128,B PLUS,LUNGI,PCS,PCS,PCS,1400,1400,1,,Inclusive,956bbd63e1c567fa341d2d2c345a15a0.png,,,,,,,,,0
LUNGI-X,LUNGI-X,code128,B PLUS,LUNGI,PCS,PCS,PCS,1450,1450,1,,Inclusive,cf93b5265071cb1be45d57bcde32a95c.png,,,,,,,,,0
LUNGI-Y,LUNGI-Y,code128,B PLUS,LUNGI,PCS,PCS,PCS,1500,1500,1,,Inclusive,f2d06f34f1f969d4a484e472f4d3b3cc.png,,,,,,,,,0
LUNGI-Z,LUNGI-Z,code128,B PLUS,LUNGI,PCS,PCS,PCS,1550,1550,1,,Inclusive,01e95db6ba84f88c0ab85355de52ca63.png,,,,,,,,,0
LUNGI-ZA,LUNGI-ZA,code128,B PLUS,LUNGI,PCS,PCS,PCS,1600,1600,1,,Inclusive,cd7892cf5856082e86766551b85e1d56.png,,,,,,,,,0
LUNGI-ZB,LUNGI-ZB,code128,B PLUS,LUNGI,PCS,PCS,PCS,1650,1650,1,,Inclusive,41fe13c9ac754ce74b6e9a5674cb8f13.png,,,,,,,,,0
LUNGI-ZC,LUNGI-ZC,code128,B PLUS,LUNGI,PCS,PCS,PCS,1700,1700,1,,Inclusive,c270d07532e7a068310da5dd45702684.png,,,,,,,,,0
LUNGI-ZD,LUNGI-ZD,code128,B PLUS,LUNGI,PCS,PCS,PCS,1750,1750,1,,Inclusive,8ac447782bb23033e0408f1c7a54a850.png,,,,,,,,,0
LUNGI-ZE,LUNGI-ZE,code128,B PLUS,LUNGI,PCS,PCS,PCS,1800,1800,1,,Inclusive,dc0d0c4f66ee5ee5fb8f52ca26ccbd4d.png,,,,,,,,,0
LUNGI-ZF,LUNGI-ZF,code128,B PLUS,LUNGI,PCS,PCS,PCS,1850,1850,1,,Inclusive,61651888092cb0db03f2eacf6dbbea2b.png,,,,,,,,,0
LUNGI-ZG,LUNGI-ZG,code128,B PLUS,LUNGI,PCS,PCS,PCS,1900,1900,1,,Inclusive,b7d758cee35d1abfba20361a62bfb04a.png,,,,,,,,,0
LUNGI-ZH,LUNGI-ZH,code128,B PLUS,LUNGI,PCS,PCS,PCS,1950,1950,1,,Inclusive,2caf585ee0f69c071b701e244ce27375.png,,,,,,,,,0
LUNGI-ZI,LUNGI-ZI,code128,B PLUS,LUNGI,PCS,PCS,PCS,2000,2000,1,,Inclusive,21577c0cfa21ff2182911f35b7755839.png,,,,,,,,,0
LUNGI-ZJ,LUNGI-ZJ,code128,B PLUS,LUNGI,PCS,PCS,PCS,2050,2050,1,,Inclusive,c8b685ec192a536a45082e4d5cd04b36.png,,,,,,,,,0
S.P,SP,code128,B PLUS,S.P,PCS,PCS,PCS,900,900,10,,Inclusive,bfc6a776d51a3accc12ee324d46b3289.png,,,,,,,,,0
TAT-10050,TAT-10050,code128,B PLUS,TAT,PCS,PCS,PCS,10050,10050,1,,Inclusive,1174d289b37e7eb5cb8ef875281c55e9.png,,,,,,,,,0
TAT-10150,TAT-10150,code128,B PLUS,TAT,PCS,PCS,PCS,10150,10150,1,,Inclusive,4a1ee3a074d5fad4488b04a96656d9b9.png,,,,,,,,,0
TAT-10250,TAT-10250,code128,B PLUS,TAT,PCS,PCS,PCS,10250,10250,1,,Inclusive,ec8bc2d570902c571a65e6cda08f1eba.png,,,,,,,,,0
TAT-10350,TAT-10350,code128,B PLUS,TAT,PCS,PCS,PCS,10350,10350,1,,Inclusive,48cf1662de0086bc89698b231bc4cbd9.png,,,,,,,,,0
TAT-10450,TAT-10450,code128,B PLUS,TAT,PCS,PCS,PCS,10450,10450,1,,Inclusive,0d5380f70ce945d4dfe40589f0e761eb.png,,,,,,,,,0
TAT-1050,TAT-1050,code128,B PLUS,TAT,PCS,PCS,PCS,1050,1050,10,,Inclusive,0d63dfabbedc1d61c635dd8f8ebdfcea.png,,,,,,,,,0
TAT-10550,TAT-10550,code128,B PLUS,TAT,PCS,PCS,PCS,10550,10550,1,,Inclusive,c4f58553b81afcb4ce0cc8708197774c.png,,,,,,,,,0
TAT-10650,TAT-10650,code128,B PLUS,TAT,PCS,PCS,PCS,10650,10650,1,,Inclusive,75cf00dd1fa2bda04205d9e2be937cf2.png,,,,,,,,,0
TAT-10750,TAT-10750,code128,B PLUS,TAT,PCS,PCS,PCS,10750,10750,1,,Inclusive,397dc509af19cf9a38823026fb6d9630.png,,,,,,,,,0
TAT-10850,TAT-10850,code128,B PLUS,TAT,PCS,PCS,PCS,10850,10850,1,,Inclusive,76396b0ff351f26529b5833f83ad159f.png,,,,,,,,,0
TAT-10950,TAT-10950,code128,B PLUS,TAT,PCS,PCS,PCS,10950,10950,1,,Inclusive,b79c5d43095d8de5f54c7ca075036e69.png,,,,,,,,,0
TAT-11050,TAT-11050,code128,B PLUS,TAT,PCS,PCS,PCS,11050,11050,1,,Inclusive,b3b95fa472f5c381cd2161d69ea17484.png,,,,,,,,,0
TAT-11150,TAT-11150,code128,B PLUS,TAT,PCS,PCS,PCS,11150,11150,1,,Inclusive,48d39d4aa2b882ce45be0751dd609c72.png,,,,,,,,,0
TAT-11250,TAT-11250,code128,B PLUS,TAT,PCS,PCS,PCS,11250,11250,1,,Inclusive,fae8b273f8938d8c7f254ba4c5894653.png,,,,,,,,,0
TAT-11350,TAT-11350,code128,B PLUS,TAT,PCS,PCS,PCS,11350,11350,1,,Inclusive,8a1b71f31e8bab4a3adaa314c0736ead.png,,,,,,,,,0
TAT-11450,TAT-11450,code128,B PLUS,TAT,PCS,PCS,PCS,11450,11450,1,,Inclusive,45e6c886def73f3399f22313b1cee275.png,,,,,,,,,0
TAT-1150,TAT-1150,code128,B PLUS,TAT,PCS,PCS,PCS,1150,1150,10,,Inclusive,82de2d5a3fd3b0aa241b1a6bc7ee3862.png,,,,,,,,,0
TAT-11550,TAT-11550,code128,B PLUS,TAT,PCS,PCS,PCS,11550,11550,1,,Inclusive,4589dc328ef4a24762cc4fc523ff652a.png,,,,,,,,,0
TAT-11650,TAT-11650,code128,B PLUS,TAT,PCS,PCS,PCS,11650,11650,1,,Inclusive,66518e06e129bfcd83fb221f426bf118.png,,,,,,,,,0
TAT-11750,TAT-11750,code128,B PLUS,TAT,PCS,PCS,PCS,11750,11750,1,,Inclusive,2ff48d42e7a0ce9320f912282e2e22eb.png,,,,,,,,,0
TAT-11850,TAT-11850,code128,B PLUS,TAT,PCS,PCS,PCS,11850,11850,1,,Inclusive,6a0d3682e9e67b4d82c219777c7f6692.png,,,,,,,,,0
TAT-11950,TAT-11950,code128,B PLUS,TAT,PCS,PCS,PCS,11950,11950,1,,Inclusive,be4236af4bc84c064c1ea1fb6c574ad1.png,,,,,,,,,0
TAT-12050,TAT-12050,code128,B PLUS,TAT,PCS,PCS,PCS,12050,12050,1,,Inclusive,7c9ddb0d9a8b20ee88d358d4fae88041.png,,,,,,,,,0
TAT-12150,TAT-12150,code128,B PLUS,TAT,PCS,PCS,PCS,12150,12150,1,,Inclusive,725df10741dde1edf216b2b92426e1ee.png,,,,,,,,,0
TAT-12250,TAT-12250,code128,B PLUS,TAT,PCS,PCS,PCS,12250,12250,1,,Inclusive,1a58824f2cf5b0edecc6ec7dde3d4c3f.png,,,,,,,,,0
TAT-12350,TAT-12350,code128,B PLUS,TAT,PCS,PCS,PCS,12350,12350,1,,Inclusive,5d49e23da945332d9b18338e7972dd20.png,,,,,,,,,0
TAT-12450,TAT-12450,code128,B PLUS,TAT,PCS,PCS,PCS,12450,12450,1,,Inclusive,23cd83647527204b0f167c191672f1ad.png,,,,,,,,,0
TAT-1250,TAT-1250,code128,B PLUS,TAT,PCS,PCS,PCS,1250,1250,10,,Inclusive,7ae573b7fd182cf2af48e67df572908e.png,,,,,,,,,0
TAT-12550,TAT-12550,code128,B PLUS,TAT,PCS,PCS,PCS,12550,12550,1,,Inclusive,8129fee736ac7a220ab5c60f7afd547e.png,,,,,,,,,0
TAT-12650,TAT-12650,code128,B PLUS,TAT,PCS,PCS,PCS,12650,12650,1,,Inclusive,1e7155057ab4816a2bc906ff604b925d.png,,,,,,,,,0
TAT-12750,TAT-12750,code128,B PLUS,TAT,PCS,PCS,PCS,12750,12750,1,,Inclusive,1c62a75af8abe1d5f2c85b6134224970.png,,,,,,,,,0
TAT-12850,TAT-12850,code128,B PLUS,TAT,PCS,PCS,PCS,12850,12850,1,,Inclusive,40e0f6b40de5fad2108c9de9758350fd.png,,,,,,,,,0
TAT-12950,TAT-12950,code128,B PLUS,TAT,PCS,PCS,PCS,12950,12950,1,,Inclusive,2f9aa5de211568eb4c495a1a192e8e60.png,,,,,,,,,0
TAT-13050,TAT-13050,code128,B PLUS,TAT,PCS,PCS,PCS,13050,13050,1,,Inclusive,b2db3e6ba617d2c96a37868c40e53b02.png,,,,,,,,,0
TAT-13150,TAT-13150,code128,B PLUS,TAT,PCS,PCS,PCS,13150,13150,1,,Inclusive,33e7137f812e9afbc40ad32cd4a65448.png,,,,,,,,,0
TAT-13250,TAT-13250,code128,B PLUS,TAT,PCS,PCS,PCS,13250,13250,1,,Inclusive,d566732cac18e1633cbef5f6e2ef5c33.png,,,,,,,,,0
TAT-13350,TAT-13350,code128,B PLUS,TAT,PCS,PCS,PCS,13350,13350,1,,Inclusive,a8b8121cadb3318840bc5e79cbca7b40.png,,,,,,,,,0
TAT-13450,TAT-13450,code128,B PLUS,TAT,PCS,PCS,PCS,13450,13450,1,,Inclusive,5461027de5f328595864fc1fab46acf3.png,,,,,,,,,0
TAT-1350,TAT-1350,code128,B PLUS,TAT,PCS,PCS,PCS,1350,1350,10,,Inclusive,bb7621f60873a3e3c24a9508dfa30736.png,,,,,,,,,0
TAT-13550,TAT-13550,code128,B PLUS,TAT,PCS,PCS,PCS,13550,13550,1,,Inclusive,0dbd6212a92b91f3deb1fce9122675dc.png,,,,,,,,,0
TAT-13650,TAT-13650,code128,B PLUS,TAT,PCS,PCS,PCS,13650,13650,1,,Inclusive,c7872300c0f43cd5d60611c086fcac5f.png,,,,,,,,,0
TAT-13750,TAT-13750,code128,B PLUS,TAT,PCS,PCS,PCS,13750,13750,1,,Inclusive,7d4d6d60d0b047c9d0f7fa0b87dd6d29.png,,,,,,,,,0
TAT-13850,TAT-13850,code128,B PLUS,TAT,PCS,PCS,PCS,13850,13850,1,,Inclusive,882f89d7af3e3f207ce458c26338ebce.png,,,,,,,,,0
TAT-13950,TAT-13950,code128,B PLUS,TAT,PCS,PCS,PCS,13950,13950,1,,Inclusive,3efe5bb6b3c08b39107c9267d495b421.png,,,,,,,,,0
TAT-14050,TAT-14050,code128,B PLUS,TAT,PCS,PCS,PCS,14050,14050,1,,Inclusive,63a0d33920d29c4d85f9fad707363d9f.png,,,,,,,,,0
TAT-14150,TAT-14150,code128,B PLUS,TAT,PCS,PCS,PCS,14150,14150,1,,Inclusive,5a47bb02353ffd291d839d8414a8f8ab.png,,,,,,,,,0
TAT-14250,TAT-14250 ,code128,B PLUS,TAT,PCS,PCS,PCS,14250,14250,1,,Inclusive,be4b6dd7ac7fc609336fc8686e1cdf68.png,,,,,,,,,0
TAT-14350,TAT-14350,code128,B PLUS,TAT,PCS,PCS,PCS,14350,14350,1,,Inclusive,f4ea0db56a59b0010e570f1964365ed2.png,,,,,,,,,0
TAT-14450,TAT-14450,code128,B PLUS,TAT,PCS,PCS,PCS,14450,14450,1,,Inclusive,c1592434084423836115467e692c30a7.png,,,,,,,,,0
TAT-1450,TAT-1450,code128,B PLUS,TAT,PCS,PCS,PCS,1450,1450,10,,Inclusive,6fbdc44c3e7accc9f79ad1c7a3eb636b.png,,,,,,,,,0
TAT-14550,TAT-14550,code128,B PLUS,TAT,PCS,PCS,PCS,14550,14550,1,,Inclusive,6b680195201c8249f5de7e2c6f12ff7a.png,,,,,,,,,0
TAT-14650,TAT-14650,code128,B PLUS,TAT,PCS,PCS,PCS,14650,14650,1,,Inclusive,c2f6578c7bd75043d5210018bb815513.png,,,,,,,,,0
TAT-14750,TAT-14750,code128,B PLUS,TAT,PCS,PCS,PCS,14750,14750,1,,Inclusive,5435d09069858992349f6ec67d5703cd.png,,,,,,,,,0
TAT-14850,TAT-14850,code128,B PLUS,TAT,PCS,PCS,PCS,14850,14850,1,,Inclusive,fb40b08c3e2ca07d7d606fed4a0316c8.png,,,,,,,,,0
TAT-14950,TAT-14950,code128,B PLUS,TAT,PCS,PCS,PCS,14950,14950,1,,Inclusive,381060ba30a19bcb21985b72df7ce188.png,,,,,,,,,0
TAT-15050,TAT-15050,code128,B PLUS,TAT,PCS,PCS,PCS,15050,15050,1,,Inclusive,e1c63ff3b2298679057155f5eb561c42.png,,,,,,,,,0
TAT-15150,TAT-15150,code128,B PLUS,TAT,PCS,PCS,PCS,15150,15150,1,,Inclusive,1b9fbdf0764b720431fe9f04964f65e1.png,,,,,,,,,0
TAT-15250,TAT-15250,code128,B PLUS,TAT,PCS,PCS,PCS,15250,15250,1,,Inclusive,38a90d97f63901350fb76a7acd27cf5d.png,,,,,,,,,0
TAT-15350,TAT-15350,code128,B PLUS,TAT,PCS,PCS,PCS,15350,15350,1,,Inclusive,9b058ff825d280b4da59614e03336c63.png,,,,,,,,,0
TAT-15450,TAT-15450,code128,B PLUS,TAT,PCS,PCS,PCS,15450,15450,1,,Inclusive,c97475cd023cfe2cc083304bc1a23456.png,,,,,,,,,0
TAT-1550,TAT-1550,code128,B PLUS,TAT,PCS,PCS,PCS,1550,1550,10,,Inclusive,35907f53c964c5324682c96fdcd8dd94.png,,,,,,,,,0
TAT-15550,TAT-15550,code128,B PLUS,TAT,PCS,PCS,PCS,15550,15550,1,,Inclusive,a9b4d78211b547222aad501b88e2a6f2.png,,,,,,,,,0
TAT-15650,TAT-15650,code128,B PLUS,TAT,PCS,PCS,PCS,15650,15650,1,,Inclusive,c667feff3066dc13788495df5b61f963.png,,,,,,,,,0
TAT-15750,TAT-15750,code128,B PLUS,TAT,PCS,PCS,PCS,15750,15750,1,,Inclusive,efe1e9011b4a1ca9c74eb5b8ad8740d2.png,,,,,,,,,0
TAT-15850,TAT-15850,code128,B PLUS,TAT,PCS,PCS,PCS,15850,15850,1,,Inclusive,15baa5afc156b560e8ad69837c0da5cb.png,,,,,,,,,0
TAT-15950,TAT-15950,code128,B PLUS,TAT,PCS,PCS,PCS,15950,15950,1,,Inclusive,01a765c8d83585334396b35abd593d54.png,,,,,,,,,0
TAT-16050,TAT-16050,code128,B PLUS,TAT,PCS,PCS,PCS,16050,16050,1,,Inclusive,f22d2f358dfaedbd5891718e15b38f33.png,,,,,,,,,0
TAT-16150,TAT-16150,code128,B PLUS,TAT,PCS,PCS,PCS,16150,16150,1,,Inclusive,2c3f5081e3f95571dc381abd0778414c.png,,,,,,,,,0
TAT-16250,TAT-16250,code128,B PLUS,TAT,PCS,PCS,PCS,16250,16250,1,,Inclusive,f16384d678191c071afa202b79a8ffcc.png,,,,,,,,,0
TAT-16350,TAT-16350,code128,B PLUS,TAT,PCS,PCS,PCS,16350,16350,1,,Inclusive,13fcab1d50590beef5afb22cbf17e6a5.png,,,,,,,,,0
TAT-16450,TAT-16450,code128,B PLUS,TAT,PCS,PCS,PCS,16450,16450,1,,Inclusive,436e3cb6db8cbbbc27434e5f8292f5ee.png,,,,,,,,,0
TAT-1650,TAT-1650,code128,B PLUS,TAT,PCS,PCS,PCS,1650,1650,10,,Inclusive,398abaf8e4c0b3311cad5338586a402c.png,,,,,,,,,0
TAT-16550,TAT-16550,code128,B PLUS,TAT,PCS,PCS,PCS,16550,16550,1,,Inclusive,924734050fd060819736d871c2964d2f.png,,,,,,,,,0
TAT-16650,TAT-16650,code128,B PLUS,TAT,PCS,PCS,PCS,16650,16650,1,,Inclusive,d5da34ca03894aae9b5c1a888870b556.png,,,,,,,,,0
TAT-16750,TAT-16750,code128,B PLUS,TAT,PCS,PCS,PCS,16750,16750,1,,Inclusive,1d587a095dbb5de48382895cdc9b71c1.png,,,,,,,,,0
TAT-16850,TAT-16850,code128,B PLUS,TAT,PCS,PCS,PCS,16850,16850,1,,Inclusive,515f821003d6c31396eaaf5efe35c900.png,,,,,,,,,0
TAT-16950,TAT-16950,code128,B PLUS,TAT,PCS,PCS,PCS,16950,16950,1,,Inclusive,cffc35bd27721b12e94391dc9a6b0ab6.png,,,,,,,,,0
TAT-17050,TAT-17050,code128,B PLUS,TAT,PCS,PCS,PCS,17050,17050,1,,Inclusive,9e3018339aa1cfe1d5506851330d2249.png,,,,,,,,,0
TAT-17150,TAT-17150,code128,B PLUS,TAT,PCS,PCS,PCS,17150,17150,1,,Inclusive,d3d58959a5de867c607bda24c2706de0.png,,,,,,,,,0
TAT-17250,TAT-17250,code128,B PLUS,TAT,PCS,PCS,PCS,17250,17250,1,,Inclusive,f6860aacd80dc57deecafd0c88928c69.png,,,,,,,,,0
TAT-17350,TAT-17350,code128,B PLUS,TAT,PCS,PCS,PCS,17350,17350,1,,Inclusive,3a6e30a79f179e0b3d16712415932979.png,,,,,,,,,0
TAT-17450,TAT-17450,code128,B PLUS,TAT,PCS,PCS,PCS,17450,17450,1,,Inclusive,91979c6c39e46cd4b8bc1113547ab459.png,,,,,,,,,0
TAT-1750,TAT-1750,code128,B PLUS,TAT,PCS,PCS,PCS,1750,1750,10,,Inclusive,96a22c23f34bf73c007da52aee2441a7.png,,,,,,,,,0
TAT-17550,TAT-17550,code128,B PLUS,TAT,PCS,PCS,PCS,17550,17550,1,,Inclusive,5a2e35ac9ee4cc22c4d8154d473862bf.png,,,,,,,,,0
TAT-17650,TAT-17650,code128,B PLUS,TAT,PCS,PCS,PCS,17650,17650,1,,Inclusive,80a562d7a37b122a088a9cd8318dcfa1.png,,,,,,,,,0
TAT-17750,TAT-17750,code128,B PLUS,TAT,PCS,PCS,PCS,17750,17750,1,,Inclusive,2caa54ce05735832ea2deb727eb36a8f.png,,,,,,,,,0
TAT-17850,TAT-17850,code128,B PLUS,TAT,PCS,PCS,PCS,17850,17850,1,,Inclusive,1a0d2e126ac1a3b50344d93d8e7e51d9.png,,,,,,,,,0
TAT-17950,TAT-17950,code128,B PLUS,TAT,PCS,PCS,PCS,17950,17950,1,,Inclusive,76747d40e584e93a6d5a7e25b7542a80.png,,,,,,,,,0
TAT-18050,TAT-18050,code128,B PLUS,TAT,PCS,PCS,PCS,18050,18050,1,,Inclusive,14eb85a4f4acf3048d5277d514dfb17d.png,,,,,,,,,0
TAT-18150,TAT-18150,code128,B PLUS,TAT,PCS,PCS,PCS,18150,18150,1,,Inclusive,cb4ed868c15653694e1b80277397a84a.png,,,,,,,,,0
TAT-18250,TAT-18250,code128,B PLUS,TAT,PCS,PCS,PCS,18250,18250,1,,Inclusive,d94e7d87a492bcaada6a3c0ea025163d.png,,,,,,,,,0
TAT-18350,TAT-18350,code128,B PLUS,TAT,PCS,PCS,PCS,18350,18350,1,,Inclusive,d250e8f7f74af0c8d52b94912a763fe9.png,,,,,,,,,0
TAT-18450,TAT-18450,code128,B PLUS,TAT,PCS,PCS,PCS,18450,18450,1,,Inclusive,cdf26586c98cc6f65aa0d61dc6717c1a.png,,,,,,,,,0
TAT-1850,TAT-1850,code128,B PLUS,TAT,PCS,PCS,PCS,1850,1850,1,,Inclusive,438c13400fe9a450d9049038b223f362.png,,,,,,,,,0
TAT-18550,TAT-18550,code128,B PLUS,TAT,PCS,PCS,PCS,18550,18550,1,,Inclusive,e3e094abbfba551641f021dd9cd5259b.png,,,,,,,,,0
TAT-18650,TAT-18650,code128,B PLUS,TAT,PCS,PCS,PCS,18650,18650,1,,Inclusive,9bac7c453c3745115957e500cab46263.png,,,,,,,,,0
TAT-18750,TAT-18750,code128,B PLUS,TAT,PCS,PCS,PCS,18750,18750,1,,Inclusive,e758e4a5b95aca588b86b411bcbe20b5.png,,,,,,,,,0
TAT-18850,TAT-18850,code128,B PLUS,TAT,PCS,PCS,PCS,18850,18850,1,,Inclusive,978ab9a39c9cce684bdc5a5003fb00ab.png,,,,,,,,,0
TAT-18950,TAT-18950,code128,B PLUS,TAT,PCS,PCS,PCS,18950,18950,1,,Inclusive,3006e2e4f693a2217861b959190b0974.png,,,,,,,,,0
TAT-19050,TAT-19050,code128,B PLUS,TAT,PCS,PCS,PCS,19050,19050,1,,Inclusive,7aa82770b39ac4c0b2f19791143df540.png,,,,,,,,,0
TAT-19150,TAT-19150,code128,B PLUS,TAT,PCS,PCS,PCS,19150,19150,1,,Inclusive,d5c1b04eb4784ae47d166c89752988d1.png,,,,,,,,,0
TAT-19250,TAT-19250,code128,B PLUS,TAT,PCS,PCS,PCS,19250,19250,1,,Inclusive,0c9980d58c0a21180e22c6f58262f222.png,,,,,,,,,0
TAT-19350,TAT-19350,code128,B PLUS,TAT,PCS,PCS,PCS,19350,19350,1,,Inclusive,388083f24cb05594ea267a9724adc6e3.png,,,,,,,,,0
TAT-19450,TAT-19450,code128,B PLUS,TAT,PCS,PCS,PCS,19450,19450,1,,Inclusive,9c6b9de84cacbcf59ea86f61cf372fde.png,,,,,,,,,0
TAT-1950,TAT-1950,code128,B PLUS,TAT,PCS,PCS,PCS,1950,1950,1,,Inclusive,8f72b17b9de1df72c35482a684967ff0.png,,,,,,,,,0
TAT-19550,TAT-19550,code128,B PLUS,TAT,PCS,PCS,PCS,19550,19550,1,,Inclusive,39d74154b1cd61f655484569038e01bd.png,,,,,,,,,0
TAT-19650,TAT-19650,code128,B PLUS,TAT,PCS,PCS,PCS,19650,19650,1,,Inclusive,d1cafa4fa33420a961093e4636f3276d.png,,,,,,,,,0
TAT-19750,TAT-19750,code128,B PLUS,TAT,PCS,PCS,PCS,19750,19750,1,,Inclusive,8f99eca5fbfbada0a25dc957bf9a3542.png,,,,,,,,,0
TAT-19850,TAT-19850,code128,B PLUS,TAT,PCS,PCS,PCS,19850,19850,1,,Inclusive,81b17daf8704e158fcfca95428cfb9ab.png,,,,,,,,,0
TAT-19950,TAT-19950,code128,B PLUS,TAT,PCS,PCS,PCS,19950,19950,1,,Inclusive,52df1b347352d2851cc02389610c9ec7.png,,,,,,,,,0
TAT-20050,TAT-20050,code128,B PLUS,TAT,PCS,PCS,PCS,20050,20050,1,,Inclusive,07387032a3b6636849d43fb11e30d784.png,,,,,,,,,0
TAT-20250,TAT-20250,code128,B PLUS,TAT,PCS,PCS,PCS,20250,20250,1,,Inclusive,096876e4210f9aedeb6479d7b2096c9d.png,,,,,,,,,0
TAT-20350,TAT-20350,code128,B PLUS,TAT,PCS,PCS,PCS,20350,20350,1,,Inclusive,648e308ac51669870e7ee6ea6b04e55f.png,,,,,,,,,0
TAT-20450,TAT-20450,code128,B PLUS,TAT,PCS,PCS,PCS,20450,20450,1,,Inclusive,a97fb4d20bc0d5f64bd873f2039bce05.png,,,,,,,,,0
TAT-2050,TAT-2050,code128,B PLUS,TAT,PCS,PCS,PCS,2050,2050,1,,Inclusive,f74a4a933dbbd4cf3ed0f394c4ec939f.png,,,,,,,,,0
TAT-20550,TAT-20550,code128,B PLUS,TAT,PCS,PCS,PCS,20550,20550,1,,Inclusive,31d7fe10c0746b064b1e1cc474c49484.png,,,,,,,,,0
TAT-20650,TAT-20650,code128,B PLUS,TAT,PCS,PCS,PCS,20650,20650,1,,Inclusive,7ee53b5e9ff5bbeaa589ef6e6d5e0472.png,,,,,,,,,0
TAT-20750,TAT-20750,code128,B PLUS,TAT,PCS,PCS,PCS,20750,20750,1,,Inclusive,318e073c9e0ceec57015b368423eee7c.png,,,,,,,,,0
TAT-20850,TAT-20850,code128,B PLUS,TAT,PCS,PCS,PCS,20850,20850,1,,Inclusive,5eeb97c3b7f9a898dfacfe2f90efca08.png,,,,,,,,,0
TAT-20950,TAT-20950,code128,B PLUS,TAT,PCS,PCS,PCS,20950,20950,1,,Inclusive,fc742f7e498143a13129c3b6b5f28cea.png,,,,,,,,,0
TAT-21050,TAT-21050,code128,B PLUS,TAT,PCS,PCS,PCS,21050,21050,1,,Inclusive,f2c02ac55397b56ae829ed976c49eed8.png,,,,,,,,,0
TAT-21150,TAT-21150,code128,B PLUS,TAT,PCS,PCS,PCS,21150,21150,1,,Inclusive,d7c83b30a4f3b069ec355ccc6ac15b68.png,,,,,,,,,0
TAT-21250,TAT-21250,code128,B PLUS,TAT,PCS,PCS,PCS,21250,21250,1,,Inclusive,4fee88c883cbfec655ddf31ef6b99846.png,,,,,,,,,0
TAT-21350,TAT-21350,code128,B PLUS,TAT,PCS,PCS,PCS,21350,21350,1,,Inclusive,8137e3b2faa1d83022f22dea8a0686d9.png,,,,,,,,,0
TAT-21450,TAT-21450,code128,B PLUS,TAT,PCS,PCS,PCS,21450,21450,1,,Inclusive,7151ae8022da7969c8154dbb47cdcffd.png,,,,,,,,,0
TAT-2150,TAT-2150,code128,B PLUS,TAT,PCS,PCS,PCS,2150,2150,1,,Inclusive,fea091e5e9d2f97077e3598874ca5c06.png,,,,,,,,,0
TAT-21550,TAT-21550,code128,B PLUS,TAT,PCS,PCS,PCS,21550,21550,1,,Inclusive,a0fe663a5f4269b637367778ed7aac43.png,,,,,,,,,0
TAT-21650,TAT-21650,code128,B PLUS,TAT,PCS,PCS,PCS,21650,21650,1,,Inclusive,7f442a866720b7f76e40a72257c254d0.png,,,,,,,,,0
TAT-21750,TAT-21750,code128,B PLUS,TAT,PCS,PCS,PCS,21750,21750,1,,Inclusive,edb9acdbf0c645352a47358465dccce4.png,,,,,,,,,0
TAT-21850,TAT-21850,code128,B PLUS,TAT,PCS,PCS,PCS,21850,21850,1,,Inclusive,8c74dd1f9c4b391ff92f49af1e5b8e34.png,,,,,,,,,0
TAT-21950,TAT-21950,code128,B PLUS,TAT,PCS,PCS,PCS,21950,21950,1,,Inclusive,cc7d19edf61c3d826a7eedf562df648d.png,,,,,,,,,0
TAT-22050,TAT-22050,code128,B PLUS,TAT,PCS,PCS,PCS,22050,22050,1,,Inclusive,37cf8c81382da6ae8844f40434b9ee68.png,,,,,,,,,0
TAT-22150,TAT-22150,code128,B PLUS,TAT,PCS,PCS,PCS,22150,22150,1,,Inclusive,a1480a8ef1e5203332af50ca68ef2b16.png,,,,,,,,,0
TAT-22250,TAT-22250,code128,B PLUS,TAT,PCS,PCS,PCS,22250,22250,1,,Inclusive,fe970be5f4a3e16e7bfb4af19827cdca.png,,,,,,,,,0
TAT-22350,TAT-22350,code128,B PLUS,TAT,PCS,PCS,PCS,22350,22350,1,,Inclusive,fdf7dd5464841e4bf7e5b66e93945777.png,,,,,,,,,0
TAT-22450,TAT-22450,code128,B PLUS,TAT,PCS,PCS,PCS,22450,22450,1,,Inclusive,556f01147c5418edae09a3510e7e5c58.png,,,,,,,,,0
TAT-2250,TAT-2250,code128,B PLUS,TAT,PCS,PCS,PCS,2250,2250,1,,Inclusive,fac91d8aff0b422e50169f2a1faa6733.png,,,,,,,,,0
TAT-22550,TAT-22550,code128,B PLUS,TAT,PCS,PCS,PCS,22550,22550,1,,Inclusive,7d59d76fa4edd784a3f1c777d655e639.png,,,,,,,,,0
TAT-22650,TAT-22650,code128,B PLUS,TAT,PCS,PCS,PCS,22650,22650,1,,Inclusive,bfcf92931a7a469ab538bb078d06e61b.png,,,,,,,,,0
TAT-22750,TAT-22750,code128,B PLUS,TAT,PCS,PCS,PCS,22750,22750,1,,Inclusive,3404b3415f87b4bb4104e436e0ca177c.png,,,,,,,,,0
TAT-22850,TAT-22850,code128,B PLUS,TAT,PCS,PCS,PCS,22850,22850,1,,Inclusive,1f98216d159983f4b5a3857de610ae22.png,,,,,,,,,0
TAT-22950,TAT-22950,code128,B PLUS,TAT,PCS,PCS,PCS,22950,22950,1,,Inclusive,bb52da56d9a6f734244e8b272af3dce1.png,,,,,,,,,0
TAT-23050,TAT-23050 ,code128,B PLUS,TAT,PCS,PCS,PCS,23050,23050,1,,Inclusive,f38d388bc0a232c09933b9e17822fecb.png,,,,,,,,,0
TAT-23150,TAT-23150,code128,B PLUS,TAT,PCS,PCS,PCS,23150,23150,1,,Inclusive,9ab530dfa0a1314339da32d808682990.png,,,,,,,,,0
TAT-23250,TAT-23250,code128,B PLUS,TAT,PCS,PCS,PCS,23250,23250,1,,Inclusive,2278108d9707fb64b9aa236b86e24db5.png,,,,,,,,,0
TAT-23350,TAT-23350,code128,B PLUS,TAT,PCS,PCS,PCS,23350,23350,1,,Inclusive,8b4b9c485abe23c79aeeea8a87977dd5.png,,,,,,,,,0
TAT-23450,TAT-23450,code128,B PLUS,TAT,PCS,PCS,PCS,23450,23450,1,,Inclusive,b115f044460078cb7d8d8da44adcf747.png,,,,,,,,,0
TAT-2350,TAT-2350,code128,B PLUS,TAT,PCS,PCS,PCS,2350,2350,0,,Inclusive,de1ce95c0b5ad2059b590b58de117227.png,,,,,,,,,0
TAT-23550,TAT-23550,code128,B PLUS,TAT,PCS,PCS,PCS,23550,23550,1,,Inclusive,bce4f38384a95b76bd69b8226154e778.png,,,,,,,,,0
TAT-23650,TAT-23650,code128,B PLUS,TAT,PCS,PCS,PCS,23650,23650,1,,Inclusive,baff0695465b4c99b444dcebf3586ee5.png,,,,,,,,,0
TAT-23750,TAT-23750,code128,B PLUS,TAT,PCS,PCS,PCS,23750,23750,1,,Inclusive,a9acb288cb41b4f42a5941f4fc6a67ac.png,,,,,,,,,0
TAT-23850,TAT-23850,code128,B PLUS,TAT,PCS,PCS,PCS,23850,23850,1,,Inclusive,5791686c3991ec7d2a03f6ec82770802.png,,,,,,,,,0
TAT-23950,TAT-23950,code128,B PLUS,TAT,PCS,PCS,PCS,23950,23950,1,,Inclusive,5d6ea2634eeb8206b4dafa8d216affad.png,,,,,,,,,0
TAT-24050,TAT-24050,code128,B PLUS,TAT,PCS,PCS,PCS,24050,24050,1,,Inclusive,35abec16039cf7a992693cd4b53bbbe6.png,,,,,,,,,0
TAT-24150,TAT-24150,code128,B PLUS,TAT,PCS,PCS,PCS,24150,24150,1,,Inclusive,e940d3837c261060411bf155514b8662.png,,,,,,,,,0
TAT-24250,TAT-24250,code128,B PLUS,TAT,PCS,PCS,PCS,24250,24250,1,,Inclusive,ff4200e963ef59bf269ca1faddf6d8e7.png,,,,,,,,,0
TAT-24350,TAT-24350,code128,B PLUS,TAT,PCS,PCS,PCS,24350,24350,1,,Inclusive,1ce738128c6c481048d5c264d8b50c76.png,,,,,,,,,0
TAT-24450,TAT-24450,code128,B PLUS,TAT,PCS,PCS,PCS,24450,24450,1,,Inclusive,53704f18609b1b223ee096da63464736.png,,,,,,,,,0
TAT-2450,TAT-2450,code128,B PLUS,TAT,PCS,PCS,PCS,2450,2450,1,,Inclusive,e16b225b290719a6652b72c4cfcfade3.png,,,,,,,,,0
TAT-24550,TAT-24550,code128,B PLUS,TAT,PCS,PCS,PCS,24550,24550,1,,Inclusive,b48b29fc9fcdffa45377ea2e45052ac7.png,,,,,,,,,0
TAT-24650,TAT-24650,code128,B PLUS,TAT,PCS,PCS,PCS,24650,24650,1,,Inclusive,5d1c6c87767d0530d4389d7731309b49.png,,,,,,,,,0
TAT-24750,TAT-24750,code128,B PLUS,TAT,PCS,PCS,PCS,24750,24750,1,,Inclusive,5b56bbf50dc060f678b5693f385f300b.png,,,,,,,,,0
TAT-24850,TAT-24850,code128,B PLUS,TAT,PCS,PCS,PCS,24850,24850,1,,Inclusive,b75adaa44d84e14cc4b005541f76ae24.png,,,,,,,,,0
TAT-24950,TAT-24950,code128,B PLUS,TAT,PCS,PCS,PCS,24950,24950,1,,Inclusive,894d0611114381126904a61657feb7b8.png,,,,,,,,,0
TAT-25050,TAT-25050,code128,B PLUS,TAT,PCS,PCS,PCS,25050,25050,1,,Inclusive,631bf0c7b113a5209e9aaf426d7fba03.png,,,,,,,,,0
TAT-25150,TAT-25150,code128,B PLUS,TAT,PCS,PCS,PCS,25150,25150,1,,Inclusive,85b61573875df8ab6515175b56ee24e9.png,,,,,,,,,0
TAT-25250,TAT-25250,code128,B PLUS,TAT,PCS,PCS,PCS,25250,25250,1,,Inclusive,40112597f6fdf4af01c128108ca091eb.png,,,,,,,,,0
TAT-25350,TAT-25350,code128,B PLUS,TAT,PCS,PCS,PCS,25350,25350,1,,Inclusive,a4534209e0cf337a196a8955761a9e34.png,,,,,,,,,0
TAT-25450,TAT-25450,code128,B PLUS,TAT,PCS,PCS,PCS,25450,25450,1,,Inclusive,12d07426820831ccbe5953fb7895e0a9.png,,,,,,,,,0
TAT-2550,TAT-2550,code128,B PLUS,TAT,PCS,PCS,PCS,2550,2550,1,,Inclusive,b14c825e5fe1f0ed5c3dc00efa91c1bb.png,,,,,,,,,0
TAT-25550,TAT-25550,code128,B PLUS,TAT,PCS,PCS,PCS,25550,25550,1,,Inclusive,2d20e9aea7c02da67d7144216cce521f.png,,,,,,,,,0
TAT-25650,TAT-25650,code128,B PLUS,TAT,PCS,PCS,PCS,25650,25650,1,,Inclusive,8e552f7c5cd802bb32e8531ce5014d1c.png,,,,,,,,,0
TAT-25750,TAT-25750,code128,B PLUS,TAT,PCS,PCS,PCS,25750,25750,1,,Inclusive,56ffb7b7af81ddb46e1a8e26ffc98e2c.png,,,,,,,,,0
TAT-25850,TAT-25850,code128,B PLUS,TAT,PCS,PCS,PCS,25850,25850,1,,Inclusive,90d1a8dab4110ce47e448a3524b8bdbf.png,,,,,,,,,0
TAT-25950,TAT-25950,code128,B PLUS,TAT,PCS,PCS,PCS,25950,25950,1,,Inclusive,10f8043b4ad7982791bf12582ed452a4.png,,,,,,,,,0
TAT-26050,TAT-26050,code128,B PLUS,TAT,PCS,PCS,PCS,26050,26050,1,,Inclusive,bedb6f0b5991ea793c99973fad45bb5b.png,,,,,,,,,0
TAT-26150,TAT-26150,code128,B PLUS,TAT,PCS,PCS,PCS,26150,26150,1,,Inclusive,ae8dec44f435413158db4d805422c5e1.png,,,,,,,,,0
TAT-26250,TAT-26250,code128,B PLUS,TAT,PCS,PCS,PCS,26250,26250,1,,Inclusive,319bc23b745a139f924133a36c7f2236.png,,,,,,,,,0
TAT-26350,TAT-26350,code128,B PLUS,TAT,PCS,PCS,PCS,26350,26350,1,,Inclusive,cde48ae68bf580e2c8fcb467a08a5e23.png,,,,,,,,,0
TAT-26450,TAT-26450,code128,B PLUS,TAT,PCS,PCS,PCS,26450,26450,1,,Inclusive,d5da8c33fba9cd3996119b0f3c2df8f4.png,,,,,,,,,0
TAT-2650,TAT-2650,code128,B PLUS,TAT,PCS,PCS,PCS,2650,2650,1,,Inclusive,32be26d4529e6b0a81205f984a3ea00f.png,,,,,,,,,0
TAT-26550,TAT-26550,code128,B PLUS,TAT,PCS,PCS,PCS,26550,26550,1,,Inclusive,dc90f7243cd353820f478cbc51b4a9f8.png,,,,,,,,,0
TAT-26650,TAT-26650,code128,B PLUS,TAT,PCS,PCS,PCS,26650,26650,1,,Inclusive,2807c0365b775b43f53a1939af4791cc.png,,,,,,,,,0
TAT-26750,TAT-26750,code128,B PLUS,TAT,PCS,PCS,PCS,26750,26750,1,,Inclusive,04aaed774fc714cee0206d7a425b8749.png,,,,,,,,,0
TAT-26850,TAT-26850,code128,B PLUS,TAT,PCS,PCS,PCS,26850,26850,1,,Inclusive,d7ecdb03ea9d472eb49b23d2cd1511b8.png,,,,,,,,,0
TAT-26950,TAT-26950,code128,B PLUS,TAT,PCS,PCS,PCS,26950,26950,1,,Inclusive,22ab1c945541ec77a0f4b312fee646af.png,,,,,,,,,0
TAT-27050,TAT-27050,code128,B PLUS,TAT,PCS,PCS,PCS,27050,27050,1,,Inclusive,32f5a5d275d35e03f66c6cd332a8cd9f.png,,,,,,,,,0
TAT-27150,TAT-27150,code128,B PLUS,TAT,PCS,PCS,PCS,27150,27150,1,,Inclusive,6db2ae7f5a411cbf51420fe3aac589ea.png,,,,,,,,,0
TAT-27250,TAT-27250,code128,B PLUS,TAT,PCS,PCS,PCS,27250,27250,1,,Inclusive,294b9b51cc19bc7e30b96ab97a7191c0.png,,,,,,,,,0
TAT-27350,TAT-27350,code128,B PLUS,TAT,PCS,PCS,PCS,27350,27350,1,,Inclusive,469fd5b2a14c507766892e3261d05b69.png,,,,,,,,,0
TAT-27450,TAT-27450,code128,B PLUS,TAT,PCS,PCS,PCS,27450,27450,1,,Inclusive,a189908fac946ea9c10505e3520c506d.png,,,,,,,,,0
TAT-2750,TAT-2750,code128,B PLUS,TAT,PCS,PCS,PCS,2750,2750,1,,Inclusive,0870c72daeea861b7f8ce9d93933c848.png,,,,,,,,,0
TAT-27550,TAT-27550,code128,B PLUS,TAT,PCS,PCS,PCS,27550,27550,1,,Inclusive,b2779b0e5869dd2254df71837f6856d8.png,,,,,,,,,0
TAT-27650,TAT-27650,code128,B PLUS,TAT,PCS,PCS,PCS,27650,27650,1,,Inclusive,a2e7ea5a237e085e6f2061a5ba2c0121.png,,,,,,,,,0
TAT-27750,TAT-27750,code128,B PLUS,TAT,PCS,PCS,PCS,27750,27750,1,,Inclusive,16e02c80b41f15d3b32eea327a541c26.png,,,,,,,,,0
TAT-27850,TAT-27850,code128,B PLUS,TAT,PCS,PCS,PCS,27850,27850,1,,Inclusive,4cab76fb06926300c508f113a0e02b1b.png,,,,,,,,,0
TAT-27950,TAT-27950,code128,B PLUS,TAT,PCS,PCS,PCS,27950,27950,1,,Inclusive,4129dfdc6cc6a6dff1cb39cde5006907.png,,,,,,,,,0
TAT-28050,TAT-28050,code128,B PLUS,TAT,PCS,PCS,PCS,28050,28050,1,,Inclusive,673c7ed1ac5de3e9ce358bd29e1454aa.png,,,,,,,,,0
TAT-28150,TAT-28150,code128,B PLUS,TAT,PCS,PCS,PCS,28150,28150,1,,Inclusive,c7d9e1a89927c269e97058dfa0ccb94c.png,,,,,,,,,0
TAT-28250,TAT-28250,code128,B PLUS,TAT,PCS,PCS,PCS,28250,28250,1,,Inclusive,f8d4a8f36a8a984934f416e3f70314ea.png,,,,,,,,,0
TAT-28350,TAT-28350,code128,B PLUS,TAT,PCS,PCS,PCS,28350,28350,1,,Inclusive,f05f19b4ddfc1a348121ba69e95b6bee.png,,,,,,,,,0
TAT-28450,TAT-28450,code128,B PLUS,TAT,PCS,PCS,PCS,28450,28450,1,,Inclusive,dfe1b2a345732945162c73f211f71764.png,,,,,,,,,0
TAT-2850,TAT-2850,code128,B PLUS,TAT,PCS,PCS,PCS,2850,2850,1,,Inclusive,b1d3186632ae25ac12187606a1a2e796.png,,,,,,,,,0
TAT-28550,TAT-28550,code128,B PLUS,TAT,PCS,PCS,PCS,28550,28550,1,,Inclusive,45372aef3abbbdecd032534182b45aa0.png,,,,,,,,,0
TAT-28650,TAT-28650,code128,B PLUS,TAT,PCS,PCS,PCS,28650,28650,1,,Inclusive,2e5e0b499165fe61b4b8e8ce79ef7d8b.png,,,,,,,,,0
TAT-28750,TAT-28750,code128,B PLUS,TAT,PCS,PCS,PCS,28750,28750,1,,Inclusive,d41ba085133e2172bfbf3eca50e3f138.png,,,,,,,,,0
TAT-28850,TAT-28850,code128,B PLUS,TAT,PCS,PCS,PCS,28850,28850,1,,Inclusive,9f1d0c82b893ad2047a5b0175153ba72.png,,,,,,,,,0
TAT-28950,TAT-28950,code128,B PLUS,TAT,PCS,PCS,PCS,28950,28950,1,,Inclusive,304e2dcdf639fdd148dfb3eb60fe4ea1.png,,,,,,,,,0
TAT-29050,TAT-29050,code128,B PLUS,TAT,PCS,PCS,PCS,29050,29050,1,,Inclusive,9a527160f1565e822e9f88db43af80e2.png,,,,,,,,,0
TAT-29150,TAT-29150,code128,B PLUS,TAT,PCS,PCS,PCS,29150,29150,1,,Inclusive,adb11e3b164252c92ea05b87d7f39569.png,,,,,,,,,0
TAT-29250,TAT-29250,code128,B PLUS,TAT,PCS,PCS,PCS,29250,29250,1,,Inclusive,f6d6cecdaf5a8445cb13c9dac22b4c41.png,,,,,,,,,0
TAT-29350,TAT-29350,code128,B PLUS,TAT,PCS,PCS,PCS,29350,29350,1,,Inclusive,6aaf18cd0fc726cc8dee07d3e9845c4e.png,,,,,,,,,0
TAT-29450,TAT-29450,code128,B PLUS,TAT,PCS,PCS,PCS,29450,29450,1,,Inclusive,31f8384d05c325e73379fce67832c6df.png,,,,,,,,,0
TAT-2950,TAT-2950,code128,B PLUS,TAT,PCS,PCS,PCS,2950,2950,1,,Inclusive,afd26e8cf8b9d4702e3cf7f9a73223fb.png,,,,,,,,,0
TAT-29550,TAT-29550,code128,B PLUS,TAT,PCS,PCS,PCS,29550,29550,1,,Inclusive,01fbe03aefa7e64ae60ba8a98b97d164.png,,,,,,,,,0
TAT-29650,TAT-29650,code128,B PLUS,TAT,PCS,PCS,PCS,29650,29650,1,,Inclusive,4cc21829dc1dfb3e521d4b71e70ed723.png,,,,,,,,,0
TAT-29750,TAT-29750,code128,B PLUS,TAT,PCS,PCS,PCS,29750,29750,1,,Inclusive,67f47bf7865e2d45403b354f54d4b6ad.png,,,,,,,,,0
TAT-29850,TAT-29850,code128,B PLUS,TAT,PCS,PCS,PCS,29850,29850,1,,Inclusive,3e50dafa1818c9783eaad0a84e42ada1.png,,,,,,,,,0
TAT-29950,TAT-29950,code128,B PLUS,TAT,PCS,PCS,PCS,29950,29950,1,,Inclusive,ba86660c1a13b60752d26c458fc125ea.png,,,,,,,,,0
TAT-30050,TAT-30050,code128,B PLUS,TAT,PCS,PCS,PCS,30050,30050,1,,Inclusive,c472a0abac381fca11a530866a597b90.png,,,,,,,,,0
TAT-3050,TAT-3050,code128,B PLUS,TAT,PCS,PCS,PCS,3050,3050,1,,Inclusive,d98d9a454511e31d02d29e41878f5745.png,,,,,,,,,0
TAT-3150,TAT-3150,code128,B PLUS,TAT,PCS,PCS,PCS,3150,3150,1,,Inclusive,6917bef5f647c8ebc5389821e811dc7e.png,,,,,,,,,0
TAT-3250,TAT-3250,code128,B PLUS,TAT,PCS,PCS,PCS,3250,3250,1,,Inclusive,ed4a1809a5e6724f06bf25ee194f695f.png,,,,,,,,,0
TAT-3350,TAT-3350,code128,B PLUS,TAT,PCS,PCS,PCS,3350,3350,1,,Inclusive,05db5c6b215a02a95dee27ce454b765c.png,,,,,,,,,0
TAT-3450,TAT-3450,code128,B PLUS,TAT,PCS,PCS,PCS,3450,3450,1,,Inclusive,d868b67b249e19171b20ecc74abd6034.png,,,,,,,,,0
TAT-350,TAT-350,code128,B PLUS,TAT,PCS,PCS,PCS,350,350,10,,Inclusive,8e0a9a0a5cc4679cc5b74ca35bd747a2.png,,,,,,,,,0
TAT-3550,TAT-3550,code128,B PLUS,TAT,PCS,PCS,PCS,3550,3550,1,,Inclusive,7d8aed7970c09090c12cc7066d7435db.png,,,,,,,,,0
TAT-3650,TAT-3650,code128,B PLUS,TAT,PCS,PCS,PCS,3650,3650,0,,Inclusive,7b3db778ebc0e78879286a2518b110fa.png,,,,,,,,,0
TAT-3750,TAT-3750,code128,B PLUS,TAT,PCS,PCS,PCS,3750,3750,0,,Inclusive,50204ccb65c35dee3a50013d49240bda.png,,,,,,,,,0
TAT-3850,TAT-3850,code128,B PLUS,TAT,PCS,PCS,PCS,3850,3850,1,,Inclusive,d7f3b062f0f9f8bf93d35a93e4df38a7.png,,,,,,,,,0
TAT-3950,TAT-3950,code128,B PLUS,TAT,PCS,PCS,PCS,3950,3950,1,,Inclusive,c2487a37ae8067512a821e0343e8a9ae.png,,,,,,,,,0
TAT-4050,TAT-4050,code128,B PLUS,TAT,PCS,PCS,PCS,4050,4050,1,,Inclusive,6822d9b3d7d777000916d3efd0bac474.png,,,,,,,,,0
TAT-4150,TAT-4150,code128,B PLUS,TAT,PCS,PCS,PCS,4150,4150,1,,Inclusive,0e58449320a8358b93c8710aa9c88ff7.png,,,,,,,,,0
TAT-4250,TAT-4250,code128,B PLUS,TAT,PCS,PCS,PCS,4250,4250,1,,Inclusive,c8fffae698fdae9c3b74ca6937e5d1a7.png,,,,,,,,,0
TAT-4350,TAT-4350,code128,B PLUS,TAT,PCS,PCS,PCS,4350,4350,1,,Inclusive,88d04ccf09adf3f18c3cda40734da537.png,,,,,,,,,0
TAT-4450,TAT-4450,code128,B PLUS,TAT,PCS,PCS,PCS,4450,4450,1,,Inclusive,861502570714925d4b725617548ced8e.png,,,,,,,,,0
TAT-450,TAT-450,code128,B PLUS,TAT,PCS,PCS,PCS,450,450,10,,Inclusive,022103546271a57f73b877035e7688a8.png,,,,,,,,,0
TAT-4550,TAT-4550,code128,B PLUS,TAT,PCS,PCS,PCS,4550,4550,1,,Inclusive,4b48e251430cae984e935c06674e28b3.png,,,,,,,,,0
TAT-4650,TAT-4650,code128,B PLUS,TAT,PCS,PCS,PCS,4650,4650,1,,Inclusive,1ad0c3c43fb5a1e1223e5b84c82ee16e.png,,,,,,,,,0
TAT-4750,TAT-4750,code128,B PLUS,TAT,PCS,PCS,PCS,4750,4750,1,,Inclusive,59bffc7dd2b00157402ea4e07ede4b1e.png,,,,,,,,,0
TAT-4850,TAT-4850,code128,B PLUS,TAT,PCS,PCS,PCS,4850,4850,1,,Inclusive,cda11b070dfa9abbb5c1a6f82b2384d0.png,,,,,,,,,0
TAT-4950,TAT-4950,code128,B PLUS,TAT,PCS,PCS,PCS,4950,4950,1,,Inclusive,1e27a85119d84d19519596bd2be462aa.png,,,,,,,,,0
TAT-5050,TAT-5050,code128,B PLUS,TAT,PCS,PCS,PCS,5050,5050,1,,Inclusive,579beb5d3e9c2ce48a54be85269be210.png,,,,,,,,,0
TAT-5150,TAT-5150,code128,B PLUS,TAT,PCS,PCS,PCS,5150,5150,1,,Inclusive,229b4f7c139e79014e2196d692762c79.png,,,,,,,,,0
TAT-5250,TAT-5250,code128,B PLUS,TAT,PCS,PCS,PCS,5250,5250,1,,Inclusive,18d624b8460425ea5da98dc990d744c5.png,,,,,,,,,0
TAT-5350,TAT-5350,code128,B PLUS,TAT,PCS,PCS,PCS,5350,5350,1,,Inclusive,aaee9cf6961e1232c28fbdbfd2f4c0a7.png,,,,,,,,,0
TAT-5450,TAT-5450,code128,B PLUS,TAT,PCS,PCS,PCS,5450,5450,1,,Inclusive,d166a8896e05a7e7309a64a61d5cf6f9.png,,,,,,,,,0
TAT-550,TAT-550,code128,B PLUS,TAT,PCS,PCS,PCS,550,550,10,,Inclusive,27b7b9995fd987e445cde2d1c48b1a42.png,,,,,,,,,0
TAT-5550,TAT-5550,code128,B PLUS,TAT,PCS,PCS,PCS,5550,5550,1,,Inclusive,8c5bed26ceab590e3fb52e910d023b0e.png,,,,,,,,,0
TAT-5650,TAT-5650,code128,B PLUS,TAT,PCS,PCS,PCS,5650,5650,1,,Inclusive,7b2d90dcd679e07d46bc57a819a49138.png,,,,,,,,,0
TAT-5750,TAT-5750,code128,B PLUS,TAT,PCS,PCS,PCS,5750,5750,1,,Inclusive,8fc6aa8e2c1d0cf4004b57d60b3eb5c2.png,,,,,,,,,0
TAT-5850,TAT-5850,code128,B PLUS,TAT,PCS,PCS,PCS,5850,5850,1,,Inclusive,dfd74685f674a89ae81faf6212011c37.png,,,,,,,,,0
TAT-5950,TAT-5950,code128,B PLUS,TAT,PCS,PCS,PCS,5950,5950,1,,Inclusive,cda520d08e8a51b22c57b8f14ff0360d.png,,,,,,,,,0
TAT-6050,TAT-6050,code128,B PLUS,TAT,PCS,PCS,PCS,6050,6050,1,,Inclusive,bc9570bfe36be87f7b6ebaba19e6a7c8.png,,,,,,,,,0
TAT-6150,TAT-6150,code128,B PLUS,TAT,PCS,PCS,PCS,6150,6150,1,,Inclusive,9d85bfd391cc4425ed7d2144597cd5f9.png,,,,,,,,,0
TAT-6250,TAT-6250,code128,B PLUS,TAT,PCS,PCS,PCS,6250,6250,1,,Inclusive,59d35ebaf62986cc85777f79fae0ae1b.png,,,,,,,,,0
TAT-6350,TAT-6350,code128,B PLUS,TAT,PCS,PCS,PCS,6350,6350,1,,Inclusive,552ce22acf401b332629130ffb608cc4.png,,,,,,,,,0
TAT-6450,TAT-6450,code128,B PLUS,TAT,PCS,PCS,PCS,6450,6450,1,,Inclusive,ac4b8c486cca3c6183a0fe69934fbfe6.png,,,,,,,,,0
TAT-650,TAT-650,code128,B PLUS,TAT,PCS,PCS,PCS,650,650,10,,Inclusive,66bfc5eeb33995d995dae359b2a6a871.png,,,,,,,,,0
TAT-6550,TAT-6550,code128,B PLUS,TAT,PCS,PCS,PCS,6550,6550,1,,Inclusive,a6c46baa423a637adf02bc4d998a7c23.png,,,,,,,,,0
TAT-6650,TAT-6650,code128,B PLUS,TAT,PCS,PCS,PCS,6650,6650,1,,Inclusive,49e361e524dfd3e7ff56a75a35ebfbe4.png,,,,,,,,,0
TAT-6750,TAT-6750,code128,B PLUS,TAT,PCS,PCS,PCS,6750,6750,1,,Inclusive,c8e8dde176d1296f9b316bb9bece9332.png,,,,,,,,,0
TAT-6850,TAT-6850,code128,B PLUS,TAT,PCS,PCS,PCS,6850,6850,1,,Inclusive,8cef0bcb98f91bd04c8820b45b2774a3.png,,,,,,,,,0
TAT-6950,TAT-6950,code128,B PLUS,TAT,PCS,PCS,PCS,6950,6950,1,,Inclusive,ae1d997e2fafd516f8243a0c7302464f.png,,,,,,,,,0
TAT-7050,TAT-7050,code128,B PLUS,TAT,PCS,PCS,PCS,7050,7050,1,,Inclusive,f1873a4bfcaa2f50776016e6cdef206e.png,,,,,,,,,0
TAT-7150,TAT-7150,code128,B PLUS,TAT,PCS,PCS,PCS,7150,7150,1,,Inclusive,5dae6b0e9210d648c0eef0ae5d404349.png,,,,,,,,,0
TAT-7250,TAT-7250,code128,B PLUS,TAT,PCS,PCS,PCS,7250,7250,1,,Inclusive,edfea0b59ace54145669e85b4f511b0f.png,,,,,,,,,0
TAT-7350,TAT-7350,code128,B PLUS,TAT,PCS,PCS,PCS,7350,7350,1,,Inclusive,795eef3e817f48118eb7546021e44dee.png,,,,,,,,,0
TAT-7450,TAT-7450,code128,B PLUS,TAT,PCS,PCS,PCS,7450,7450,1,,Inclusive,fa71ece1c2f7f06c5c142bdfe8c4b9ea.png,,,,,,,,,0
TAT-750,TAT-750,code128,B PLUS,TAT,PCS,PCS,PCS,750,750,10,,Inclusive,08465c2316f3f5ca4a6b697a3d39c5bc.png,,,,,,,,,0
TAT-7550,TAT-7550,code128,B PLUS,TAT,PCS,PCS,PCS,7550,7550,1,,Inclusive,b4aa513d95efcc7765d874c9819d7821.png,,,,,,,,,0
TAT-7650,TAT-7650,code128,B PLUS,TAT,PCS,PCS,PCS,7650,7650,1,,Inclusive,a9ecb396ed15cff12f416f9c79878ed1.png,,,,,,,,,0
TAT-7750,TAT-7750,code128,B PLUS,TAT,PCS,PCS,PCS,7750,7750,1,,Inclusive,980634fa0cdf40739fd4e1f84f151044.png,,,,,,,,,0
TAT-7850,TAT-7850,code128,B PLUS,TAT,PCS,PCS,PCS,7850,7850,1,,Inclusive,544543c3bf369ec204ac0b1d4511e0b0.png,,,,,,,,,0
TAT-7950,TAT-7950,code128,B PLUS,TAT,PCS,PCS,PCS,7950,7950,1,,Inclusive,dac20868728cdde6b6ee78922550e30d.png,,,,,,,,,0
TAT-8050,TAT-8050,code128,B PLUS,TAT,PCS,PCS,PCS,8050,8050,1,,Inclusive,889fe5e0ab74bcad3bf9918c1c6cdbd8.png,,,,,,,,,0
TAT-8150,TAT-8150,code128,B PLUS,TAT,PCS,PCS,PCS,8150,8150,1,,Inclusive,70446a17955060ae785e0adbe4505d5b.png,,,,,,,,,0
TAT-8250,TAT-8250,code128,B PLUS,TAT,PCS,PCS,PCS,8250,8250,1,,Inclusive,ff628a56a277d0afad6662476ab3a206.png,,,,,,,,,0
TAT-8350,TAT-8350,code128,B PLUS,TAT,PCS,PCS,PCS,8350,8350,1,,Inclusive,80a88444917b1fd3f37bb7381643dd7d.png,,,,,,,,,0
TAT-8450,TAT-8450,code128,B PLUS,TAT,PCS,PCS,PCS,8450,8450,1,,Inclusive,71581291b0e312c3aa228edc9937400c.png,,,,,,,,,0
TAT-850,TAT-850,code128,B PLUS,TAT,PCS,PCS,PCS,850,850,10,,Inclusive,f6a85ef1cafc4d6d26674edda568d13f.png,,,,,,,,,0
TAT-8550,TAT-8550,code128,B PLUS,TAT,PCS,PCS,PCS,8550,8550,1,,Inclusive,8437b832acc3a64e501ba14e0dce15ff.png,,,,,,,,,0
TAT-8650,TAT-8650,code128,B PLUS,TAT,PCS,PCS,PCS,8650,8650,1,,Inclusive,84d644d52a8cd8e08c4d99fe93744929.png,,,,,,,,,0
TAT-8750,TAT-8750,code128,B PLUS,TAT,PCS,PCS,PCS,8750,8750,1,,Inclusive,8cc595bae01b17d65d1468e2edef1867.png,,,,,,,,,0
TAT-8850,TAT-8850,code128,B PLUS,TAT,PCS,PCS,PCS,8850,8850,1,,Inclusive,a77d5e3d2897cb9a088ca20b83599813.png,,,,,,,,,0
TAT-8950,TAT-8950,code128,B PLUS,TAT,PCS,PCS,PCS,8950,8950,1,,Inclusive,ae34332d6b32e787f444e41d9df54742.png,,,,,,,,,0
TAT-9050,TAT-9050,code128,B PLUS,TAT,PCS,PCS,PCS,9050,9050,1,,Inclusive,d584b38c505e8fbc6d49c55019f180a0.png,,,,,,,,,0
TAT-9150,TAT-9150,code128,B PLUS,TAT,PCS,PCS,PCS,9150,9150,1,,Inclusive,58e4270649ab2011fc10f4411ab2a7cc.png,,,,,,,,,0
TAT-9250,TAT-9250,code128,B PLUS,TAT,PCS,PCS,PCS,9250,9250,1,,Inclusive,3dc811f949ba71d5fe1c905a4794b10a.png,,,,,,,,,0
TAT-9350,TAT-9350,code128,B PLUS,TAT,PCS,PCS,PCS,9350,9350,1,,Inclusive,d428e69bd59456b866af75859fe90e70.png,,,,,,,,,0
TAT-9450,TAT-9450,code128,B PLUS,TAT,PCS,PCS,PCS,9450,9450,1,,Inclusive,59e3a7a8568b80bcb0fec1ede69a9933.png,,,,,,,,,0
TAT-950,TAT-950,code128,B PLUS,TAT,PCS,PCS,PCS,950,950,10,,Inclusive,1bd3beb40b5e266a8f82b61e88387087.png,,,,,,,,,0
TAT-9550,TAT-9550,code128,B PLUS,TAT,PCS,PCS,PCS,9550,9550,1,,Inclusive,f8b1b2ca83ec5ad3a26842cf5ef0909d.png,,,,,,,,,0
TAT-9650,TAT-9650,code128,B PLUS,TAT,PCS,PCS,PCS,9650,9650,1,,Inclusive,d6879974641595eb76193bb41f9f9ff3.png,,,,,,,,,0
TAT-9750,TAT-9750,code128,B PLUS,TAT,PCS,PCS,PCS,9750,9750,1,,Inclusive,9b9b000ee6d30592592dc1b29404567a.png,,,,,,,,,0
TAT-9850,TAT-9850,code128,B PLUS,TAT,PCS,PCS,PCS,9850,9850,1,,Inclusive,2459b31a21dede08aefe3309a6d6c392.png,,,,,,,,,0
TAT-9950,TAT-9950,code128,B PLUS,TAT,PCS,PCS,PCS,9950,9950,1,,Inclusive,04e6bc0a747163df9a7e985fc934f606.png,,,,,,,,,0
T.X,TX,code128,B PLUS,T.X,PCS,PCS,PCS,1200,1200,10,,Inclusive,f29b92d66f792015c834c0b38e27bfe8.PNG,,,,,,,,,0
T.Z,TZ,code128,B PLUS,T.Z,PCS,PCS,PCS,1100,1100,10,,Inclusive,e1fefac09d0e2f4c2118c3ab2e17a04a.PNG,,,,,,,,,0
V.I.P,VIP,code128,B PLUS,V.I.P,PCS,PCS,PCS,1000,1000,10,,Inclusive,781afa14032f158c7daad761200f6236.png,,,,,,,,,0
